signalname,pub_year,sr120_raw_ann,mean_Y,sr120_std_ann,max_logE,logE_tau,tau_months,solo,gamma_e,ebh_thr_gamma_e,rejected,disc_step
Beta,1973,0.2070941678619804,0.049586587024620356,0.1717729762011562,0.4494013819800635,-0.6395550801440966,120,False,0.0024883352788200525,3.333333333333333,False,-1
Price,1973,0.8727180484487805,0.2584502334622524,0.8952978711693181,2.829391810740057,1.500835147016356,120,False,0.02115770520260198,3.333333333333333,False,-1
EP,1977,0.4001852285428037,0.08005706589902603,0.2773258112840057,0.10631424810769108,-0.42436807716927016,120,False,0.0030857690931339644,3.333333333333333,False,-1
DivYieldST,1979,1.6734369190173497,0.48662366947588925,1.6857138393956888,6.856991181358366,6.664635860918755,120,False,3.6989521848024216,3.333333333333333,True,180
BM,1980,0.9435695821866288,0.20236281931407146,0.7010053692297045,3.5783767140663416,0.8209333061261901,120,False,0.010719905179807374,3.333333333333333,False,-1
Size,1981,-0.27409718887218926,-0.08038709067482332,-0.2784690506428806,1.050287257812158,-1.271005009361536,120,False,0.0013233468167363138,3.333333333333333,False,-1
AnalystRevision,1984,2.6964721452934133,0.7767913309236317,2.6908841040775586,16.2035121342056,8.505696889183985,62,True,23.315319050511103,20.0,True,7
EarningsSurprise,1984,2.380410782700672,0.5951500505387941,2.061660251320753,10.220747924328226,8.434988260310474,85,True,21.723659923562284,10.0,True,8
FirmAge,1984,-0.3973092494917037,-0.13398963104515413,-0.4641536973152302,0.39956306118640184,-1.4324511484216762,120,False,0.0011260521644767703,3.333333333333333,False,-1
LRreversal,1985,0.5416147118356226,0.13602637137371829,0.4712091727770255,0.22317594882159764,0.017131717855926487,120,False,0.004798487298821602,3.333333333333333,False,-1
MRreversal,1985,0.6381823972668215,0.17677446280024553,0.6123647021014395,1.0518994691662757,0.46000761482055874,120,False,0.007472103997545075,3.333333333333333,False,-1
BidAskSpread,1986,0.10984297223349164,-0.0262191152902302,-0.09082567962436942,0.2375020786824984,-1.0691127976145074,120,False,0.0016194008039120435,3.333333333333333,False,-1
Leverage,1988,0.6656246276254767,0.17898402921716958,0.6200188646950602,1.130479787004277,0.5100573352070155,120,False,0.007855597535370374,3.333333333333333,False,-1
STreversal,1990,1.1802162637703195,0.6030175240841429,2.088913979136249,12.59205872974489,8.58562876883892,73,True,25.25546313667178,6.666666666666666,True,14
AgeIPO,1991,0.4420011345376246,0.12680732361791874,0.4392734545561282,0.5925082290717567,-0.011468895962325254,120,False,0.004663191609038924,3.333333333333333,False,-1
IndIPO,1991,0.6194078965109764,0.33614003623193095,1.1644232424234953,3.7358462873793297,2.9482848763588603,120,False,0.089967984626192,3.333333333333333,False,-1
AM,1992,0.5478363582373379,0.19582843145256015,0.6783695856847066,3.2210006523467367,0.7549815673320139,120,False,0.010035718425282664,3.333333333333333,False,-1
BMdec,1992,0.8594962711676698,0.31489735853982304,1.0908364483204136,4.499911827364028,2.581108205508945,120,False,0.06231967645138975,3.333333333333333,False,-1
BookLeverage,1992,-0.11129945112082158,-0.014909609863985965,-0.05164840361090758,-0.25664033511662954,-1.0120564953738227,120,False,0.0017144845970277032,3.333333333333333,False,-1
Mom12m,1993,0.27372518861019063,0.16329168192244012,0.5656589790860853,1.5733280382917336,0.4231216305899501,120,False,0.007201509342102295,3.333333333333333,False,-1
Mom6m,1993,0.45180101332057787,0.23826942565201562,0.8253895022390924,2.6687361035757617,1.3590233307817803,120,False,0.018360329563113734,3.333333333333333,False,-1
Spinoff,1993,0.024449216125167286,0.1053897082547213,0.3650806585840768,1.6295805855199688,-0.21935771633252954,120,False,0.003787898152101671,3.333333333333333,False,-1
CF,1994,0.16311940028721666,0.024405335786535847,0.08454256311611806,0.39230609407799255,-0.7832302313499178,120,False,0.0021553190700851735,3.333333333333333,False,-1
MeanRankRevGrowth,1994,-0.4282216336080389,-0.0900031848002478,-0.3117801778340802,0.005164086870586004,-1.3043642386107561,120,False,0.001279929202300846,3.333333333333333,False,-1
DivInit,1995,0.29003338438402176,0.10944927190044539,0.3791433995659841,1.221477578002233,-0.1643759096893198,120,False,0.004001995431556578,3.333333333333333,False,-1
DivOmit,1995,0.28962293674682593,0.13141692544116518,0.45524158367717815,1.588649497415034,0.017810243385390834,120,False,0.004801744299810864,3.333333333333333,False,-1
ExchSwitch,1995,0.7644631546093537,0.22162675320582537,0.7677375937380362,1.9461525523351089,1.0458873544172196,120,False,0.013424163894649972,3.333333333333333,False,-1
ShareRepurchase,1995,0.2716836561661714,0.06489751731342783,0.22481159454387573,0.7325179579312371,-0.5230420911650657,120,False,0.0027958241057436115,3.333333333333333,False,-1
Accruals,1996,0.48841585826802436,0.204600297817163,0.7087562221260999,3.5093333772693187,0.82021764366073,120,False,0.010712236090603863,3.333333333333333,False,-1
AnnouncementReturn,1996,1.9774568300089779,0.6996297061445685,2.4235883950537525,14.350316534213437,8.530605814664966,46,True,23.90337207508854,5.0,True,30
REV6,1996,0.6544743306697562,0.22932564751788773,0.7944073459592262,1.4726846732371999,1.1855737950914342,120,False,0.015436622943559,3.333333333333333,False,-1
RoE,1996,0.3800888831489524,0.05741747098751929,0.19889995398499072,1.152067141478903,-0.5597179842357936,120,False,0.0026951423421064506,3.333333333333333,False,-1
SP,1996,0.6179044789932415,0.1895449816429812,0.6566030770507072,1.4331884728250446,0.6947606901894285,120,False,0.009449196339967296,3.333333333333333,False,-1
VarCF,1996,-0.34449081393026415,-0.09573301758873366,-0.3316289008511433,0.41980362515353487,-1.3190325804742964,120,False,0.00126129178735535,3.333333333333333,False,-1
VolMkt,1996,0.29349739088849264,0.0712082423587909,0.24667258736620823,1.0082494864213971,-0.48631049670475024,120,False,0.002900428566441526,3.333333333333333,False,-1
VolumeTrend,1996,1.188147584097651,0.3497217267002002,1.2114715983109279,4.039370085999952,3.260486105130382,120,False,0.12293491997356365,3.333333333333333,False,-1
fgr5yrLag,1996,0.02359890843810408,0.009255949954174447,0.032063551185889924,0.7159147524491223,-0.8755601702665137,120,False,0.001965229110195062,3.333333333333333,False,-1
AOP,1998,0.23369567075835715,0.09285967125096457,0.3216753371616273,0.05817320658783598,-0.3349047081043601,120,False,0.0033745578090696466,3.333333333333333,False,-1
AnalystValue,1998,0.310804366630275,0.042911314636095606,0.14864915433858314,-0.09248742603889393,-0.6679885818141185,120,False,0.0024185795922463844,3.333333333333333,False,-1
ChInvIA,1998,1.053179172041834,0.2803436815732793,0.9711390001316612,3.0756122860621806,1.9496583397670806,120,False,0.033142861168594585,3.333333333333333,False,-1
DolVol,1998,0.589401190796793,0.05947991352410932,0.20604446450712105,1.488560451720199,-0.5634412129181838,120,False,0.002685126368286177,3.333333333333333,False,-1
GrSaleToGrInv,1998,0.2933304644405831,0.03459633931359406,0.11984523489407496,1.5588024053243228,-0.7421007802601598,120,False,0.0022458144155976557,3.333333333333333,False,-1
GrSaleToGrOverhead,1998,-0.2654939689688853,-0.06722663769551535,-0.23287990422131535,-0.44750611088764214,-1.222132729880923,120,False,0.0013896282626453913,3.333333333333333,False,-1
OScore,1998,0.4566291549020771,0.1364502850387875,0.47267765278887075,0.460833238020953,0.12772230674551754,120,False,0.005359610534965133,3.333333333333333,False,-1
PredictedFE,1998,0.0812199480619838,-0.0026126258145561837,-0.009050401303954667,-0.08308167654252352,-0.9399747319344172,120,False,0.0018426306881744697,3.333333333333333,False,-1
ShareVol,1998,-0.007208303923288318,0.029488896563976234,0.10215253421590025,0.09578139247587458,-0.7630570670244898,120,False,0.002199240200460705,3.333333333333333,False,-1
DebtIssuance,1999,0.6755636024891056,0.21968264474026988,0.7610030044625024,1.450785350413223,0.971081650160575,120,False,0.012456600642041559,3.333333333333333,False,-1
IndMom,1999,0.48638721377268906,0.17330113234050262,0.6003327324459369,1.4936054151717995,0.450813214261115,120,False,0.007403717349254647,3.333333333333333,False,-1
Coskewness,2000,0.25895139614075535,0.15300973362638778,0.5300412653869675,0.6882153986298838,0.2246468101525747,120,False,0.0059050966350136765,3.333333333333333,False,-1
MomVol,2000,0.00923981989462586,0.07560677721086918,0.2619095590515323,0.835233328908664,-0.42176894252855757,120,False,0.003093799854471177,3.333333333333333,False,-1
PS,2000,0.344037486382309,0.18354086762513774,0.6358042159840245,1.5478890169591952,0.4996232301385397,120,False,0.007774057543505821,3.333333333333333,False,-1
AbnormalAccruals,2001,-0.10486403479727985,-0.03435895542824487,-0.11902291299342915,-0.05677829004752799,-1.0960254200884378,120,False,0.0015763997129107483,3.333333333333333,False,-1
AdExp,2001,0.5584755612047585,0.11645299041442352,0.4034049921822259,1.5303382924426345,-0.13712485056729595,120,False,0.004112553617690653,3.333333333333333,False,-1
ConsRecomm,2001,0.305887497096716,0.09727867901185488,0.3369832290834337,0.8078252707629914,-0.28394459675346084,120,False,0.0035509827904600787,3.333333333333333,False,-1
CredRatDG,2001,0.2848305444437231,0.15015095486478203,0.5201381652615675,2.1327486522093775,0.23278538556205874,120,False,0.005953351807102679,3.333333333333333,False,-1
DownRecomm,2001,0.9630026245734088,0.21997808491046053,0.7620264392332364,1.90462607501122,1.0475659099911603,120,False,0.013446716021985206,3.333333333333333,False,-1
RD,2001,0.3530245032790147,0.07572458098042525,0.2623176432799208,0.758989479291091,-0.46802004703760147,120,False,0.002953966836110655,3.333333333333333,False,-1
ShortInterest,2001,0.8059898766659551,0.25345449543689424,0.8779921270068699,2.46616758806845,1.5368503170501606,120,False,0.021933591527409927,3.333333333333333,False,-1
UpRecomm,2001,0.5781142071085079,0.13082251341082005,0.45318248000280226,0.9904906620675138,0.019892986433529325,120,False,0.0048117555211521544,3.333333333333333,False,-1
VolSD,2001,0.17682874047429112,0.10840794296364402,0.3755361303141208,0.9761841335885524,-0.2106745037445057,120,False,0.0038209324915537387,3.333333333333333,False,-1
sfe,2001,0.5318558642959906,0.14458803415557134,0.5008676426479075,0.6426317311189402,0.167449582501477,120,False,0.005576819249036278,3.333333333333333,False,-1
std_turn,2001,-0.12245426279994305,0.021547996080280372,0.07464444802468125,0.6709142566763984,-0.8153495134597146,120,False,0.0020871917263765296,3.333333333333333,False,-1
ChInv,2002,0.45178074787610784,0.10985540327122671,0.3805502799034658,1.7559822984766877,-0.18545209558691012,120,False,0.00391853127450572,3.333333333333333,False,-1
DelBreadth,2002,0.016128680641408464,0.04129103349790639,0.14303633583080463,1.0635161262170723,-0.6892163224860051,120,False,0.0023677797028998403,3.333333333333333,False,-1
ForecastDispersion,2002,0.011077849070400483,0.07488944973806694,0.25942466379441537,0.7066736090303454,-0.44462694066307784,120,False,0.003023883896746082,3.333333333333333,False,-1
Illiquidity,2002,0.41402537633817954,0.13566854324653474,0.46996961978370727,0.8605583156115746,0.04060267343549495,120,False,0.00491244449176666,3.333333333333333,False,-1
ProbInformedTrading,2002,0.14003468602312094,0.13485513905244695,0.46715190500120796,1.8774371271911456,0.08050447537234695,120,False,0.005112423099956386,3.333333333333333,False,-1
BetaLiquidityPS,2003,0.2566888255889346,0.10504695994141354,0.3638933435983616,2.0251067321262184,-0.20966962055597183,120,False,0.0038247740121955184,3.333333333333333,False,-1
ExclExp,2003,0.008304069201282198,0.005788260598173321,0.020051122886970425,0.1512771950076035,-0.897770870289069,120,False,0.0019220611656882664,3.333333333333333,False,-1
GrLTNOA,2003,0.1952375833527693,0.06612595534592082,0.22906702871633133,0.6192257418320517,-0.5193258447976234,120,False,0.00280623340670424,3.333333333333333,False,-1
IdioVolAHT,2003,0.14222780375444258,0.03556128814363573,0.12318791569474762,0.15669128980137814,-0.7297584013506675,120,False,0.002273704871306291,3.333333333333333,False,-1
OrderBacklog,2003,-0.3466535721080826,-0.09211739505692709,-0.3191040169989837,0.11573723355151033,-1.3101662415721,120,False,0.0012725245509553368,3.333333333333333,False,-1
AccrualsBM,2004,0.7867422016326081,0.20289434173455423,0.7028466169049807,1.2979788561715753,0.7702600557799191,120,False,0.010190226351510578,3.333333333333333,False,-1
ChForecastAccrual,2004,0.34760239738992516,0.10015639847995988,0.34695194174080957,1.695497832581913,-0.24909323417513862,120,False,0.003676921194703372,3.333333333333333,False,-1
ChangeInRecommendation,2004,0.8373306111697509,0.24131248744668518,0.8359309775169712,1.3512719607536687,1.3512719607536687,120,False,0.01821856201103535,3.333333333333333,False,-1
EquityDuration,2004,0.13555930881324882,0.0432206559169952,0.1497207439693762,0.7197682528854854,-0.6719352624162565,120,False,0.0024090530425750216,3.333333333333333,False,-1
High52,2004,0.032633759330444566,0.0979341513784373,0.33925385196719,2.523568825710779,-0.259278795099511,120,False,0.0036396597762265704,3.333333333333333,False,-1
Investment,2004,0.054994021129461085,0.009332431547288097,0.03232849119612323,-0.043679898530922134,-0.8795716906382023,120,False,0.001957361344985552,3.333333333333333,False,-1
NOA,2004,0.15917633664089834,0.06472748904013666,0.22422259932774868,-0.030245744327805024,-0.5361188820122138,120,False,0.002759501706476685,3.333333333333333,False,-1
SurpriseRD,2004,-0.05252529175958998,0.019657025574390842,0.06809393404105146,-0.03235320671997921,-0.8217464897185087,120,False,0.002073882624844065,3.333333333333333,False,-1
Tax,2004,0.8205735524623975,0.2592619405337116,0.8981097069465788,1.8559247156216525,1.6092847619435844,120,False,0.023581293897085416,3.333333333333333,False,-1
cfp,2004,0.783024443539132,0.24742086067285998,0.8570910030756276,2.196273703454211,1.5099986086407298,120,False,0.02135247403778198,3.333333333333333,False,-1
dNoa,2004,0.6189424941502473,0.16341304797783748,0.5660794034346102,0.9912979956017356,0.3192950221075237,120,False,0.006491307838861236,3.333333333333333,False,-1
DelCOA,2005,0.04654997169953889,-0.015965462914063342,-0.05530598586702874,-0.14194087340181194,-1.0117259514393413,120,False,0.0017150514031840202,3.333333333333333,False,-1
DelCOL,2005,-0.04960665266998817,-0.06381407455420604,-0.22105843873174622,-0.03731698011866191,-1.2120598409484131,120,False,0.0014036965690856617,3.333333333333333,False,-1
DelEqu,2005,0.22360585856063528,0.03518254763921771,0.12187592010167506,0.0966331528951816,-0.7377742523011956,120,False,0.002255552044329106,3.333333333333333,False,-1
DelFINL,2005,1.2679265598594378,0.35710337448438145,1.237042376322488,3.823725337413676,3.42172498252505,120,False,0.1444443029932132,3.333333333333333,False,-1
DelLTI,2005,0.1454871213623647,0.009189436826024643,0.031833142951238326,0.04404799597430453,-0.8758620251965024,120,False,0.0019646359856228843,3.333333333333333,False,-1
DelNetFin,2005,0.6386419726942667,0.26586783994495,0.9209932137664872,2.5668144710519942,1.6653639935862101,120,False,0.024941497882631645,3.333333333333333,False,-1
IO_ShortInterest,2005,0.7858909174132932,0.23136036641131216,0.8014558189642891,1.5208325050392475,1.2478565484791098,120,False,0.01642863013586907,3.333333333333333,False,-1
MS,2005,1.0434780062067908,0.27129810653834,0.9398042090432782,1.8079527957616655,1.8079527957616655,120,False,0.028763919312247657,3.333333333333333,False,-1
PriceDelayRsq,2005,0.05397704821125841,-0.015009025405463316,-0.051992789148709063,0.05526116094131317,-1.0100400706346986,120,False,0.00171794521404832,3.333333333333333,False,-1
PriceDelaySlope,2005,0.1569830572197539,0.010447365485838161,0.036190735653426405,-0.054014133676340004,-0.8815271838418541,120,False,0.001953537478169651,3.333333333333333,False,-1
PriceDelayTstat,2005,0.15017825182868486,0.00948014117314679,0.03284017234963172,-0.0632837289103696,-0.8867489134249402,120,False,0.0019433632204574548,3.333333333333333,False,-1
RIO_Disp,2005,0.37146223932638006,0.09483793958437617,0.32852825969057425,0.11384085138287459,-0.299872253699502,120,False,0.0034948719977064085,3.333333333333333,False,-1
RIO_MB,2005,0.2294843231661251,0.06391675871762925,0.22141414710810964,0.1784595194141938,-0.5351274761169686,120,False,0.00276223884932201,3.333333333333333,False,-1
RIO_Turnover,2005,0.26792624774725,0.0804050570062078,0.27853128784044767,0.15175285935728122,-0.41425946309122597,120,False,0.0031171201328468096,3.333333333333333,False,-1
RIO_Volatility,2005,0.5952879159938582,0.20909007495320972,0.724309266354688,0.9039001214788052,0.9039001214788052,120,False,0.011647238645612904,3.333333333333333,False,-1
TotalAccruals,2005,0.07057218615948072,-0.032799892996048324,-0.11362216230395651,0.04733613857641239,-1.089554457337075,120,False,0.0015866336126155267,3.333333333333333,False,-1
CompEquIss,2006,0.6047412282446885,0.2686700521361336,0.9307003615439251,3.2146595329388683,1.756335131120674,120,False,0.027316861132224944,3.333333333333333,False,-1
CoskewACX,2006,0.3986027757568471,0.2467525333163464,0.8547758492004881,3.5733383110629795,1.3382227773623643,120,False,0.017982369068331748,3.333333333333333,False,-1
FEPS,2006,0.3483673990845824,0.11649395708704434,0.40354690489901857,1.7755374238089465,-0.11375530000792966,120,False,0.004209793953361631,3.333333333333333,False,-1
FR,2006,-0.4312172830743222,-0.103319712110752,-0.3579099815984238,0.7970343553771078,-1.3443556264034646,120,False,0.0012297530512759,3.333333333333333,False,-1
FirmAgeMom,2006,0.4640876830713695,0.20535850232680236,0.7113827195925464,2.5579075637320594,0.880447498281532,120,False,0.011377258591159447,3.333333333333333,False,-1
Herf,2006,-0.26883304901857735,-0.07323820591541864,-0.2537045874013932,0.04333043651089885,-1.2483197121769143,120,False,0.0013537104342563999,3.333333333333333,False,-1
HerfAsset,2006,-0.6262138568426202,-0.22891619435982682,-0.7929889586130642,-0.17151054737395288,-1.624828356607942,120,False,0.0009289880976079246,3.333333333333333,False,-1
HerfBE,2006,-0.412724520051162,-0.18005406791228368,-0.6237255874670649,-0.11726655073816716,-1.5373542952428751,120,False,0.0010139105730964438,3.333333333333333,False,-1
IdioVol3F,2006,0.18694932368914866,0.11626872771047256,0.4027666874518598,1.8434746997213367,-0.11264048473496735,120,False,0.004214489712922773,3.333333333333333,False,-1
IntanBM,2006,0.07704563838200863,-0.06024062776519032,-0.20867965593830803,-0.0710942621515136,-1.2003676766324234,120,False,0.0014202051424283125,3.333333333333333,False,-1
IntanCFP,2006,0.25464685342289145,0.023290321282573925,0.08068003957204155,-0.09951970322240133,-0.80775170915765,120,False,0.002103110196789355,3.333333333333333,False,-1
IntanEP,2006,0.2473452675475609,0.09626026466685718,0.3334553383060477,-0.12493554899988113,-0.3028247482035564,120,False,0.0034845686251509605,3.333333333333333,False,-1
IntanSP,2006,0.040954823909337905,-0.043994315688888605,-0.15240078003475926,0.1795155242081652,-1.133868922657507,120,False,0.001517857925915975,3.333333333333333,False,-1
MomRev,2006,-0.2621983795508044,-0.11794864616251659,-0.4085860956748852,0.18183880293528554,-1.3755664236650929,120,False,0.001191964254842199,3.333333333333333,False,-1
NetDebtFinance,2006,1.0794686483976121,0.33101617769389075,1.1466736757861329,3.941624135850759,2.850844330622883,120,False,0.08161502173628174,3.333333333333333,False,-1
NetEquityFinance,2006,0.7960763004726717,0.2663573713748086,0.922689000383321,2.193152450502932,1.7661465081193006,120,False,0.02758619626891162,3.333333333333333,False,-1
OperProf,2006,0.810602649974904,0.25260643795952226,0.875054369729776,2.1741301979120395,1.5173776584666518,120,False,0.021510617765254345,3.333333333333333,False,-1
RDIPO,2006,0.7290369535047018,0.2578182794739423,0.8931087183377205,3.2486229413669543,1.5704315218630773,120,False,0.02268265478843849,3.333333333333333,False,-1
RealizedVol,2006,0.18238646520399796,0.11495201748708808,0.3982054694403652,2.2906125205143577,-0.1339667700060163,120,False,0.004125561923154716,3.333333333333333,False,-1
RevenueSurprise,2006,0.7759156696002533,0.32421084542999323,1.1230993132992164,4.220466623044325,2.9445715995507937,120,False,0.08963452808678152,3.333333333333333,False,-1
ShareIss5Y,2006,0.7334577050608074,0.24229720577187513,0.8393421418577175,1.7784301815608143,1.3831029143565183,120,False,0.018807804537537953,3.333333333333333,False,-1
XFIN,2006,0.7159925991832699,0.2511795193491873,0.8701113786670446,2.580746245086559,1.5592751004628742,120,False,0.02243100390494832,3.333333333333333,False,-1
betaVIX,2006,0.07580060016175967,0.02168853594436846,0.07513129239486002,1.2812248336107168,-0.8159423032887458,120,False,0.002085954826996802,3.333333333333333,False,-1
grcapx,2006,0.2065061273178334,0.026187395305098733,0.09071579837264337,0.020700342693229068,-0.7857891024116239,120,False,0.0021498109367949513,3.333333333333333,False,-1
grcapx3y,2006,-0.09807150530075286,-0.04908832550592298,-0.17004694766947562,0.10086440030055277,-1.1544513345059162,120,False,0.0014869360638336082,3.333333333333333,False,-1
zerotrade12M,2006,0.2958472567793785,0.16065813161102163,0.556536093198754,1.9426688226329334,0.31196082781212464,120,False,0.006443873484949619,3.333333333333333,False,-1
zerotrade1M,2006,0.3218913500111162,0.1885805820882272,0.6532622989954457,2.370621677346701,0.6281866508647818,120,False,0.008840608023073357,3.333333333333333,False,-1
zerotrade6M,2006,0.3723199441409223,0.18840445730629043,0.6526521848538728,2.470942582548888,0.6169943060775629,120,False,0.008742212555104885,3.333333333333333,False,-1
BPEBM,2007,0.17216584457194514,0.048623624219512475,0.1684371751926644,-0.10222103756242551,-0.6394471393909167,120,False,0.0024886038861007876,3.333333333333333,False,-1
EBM,2007,0.20945171448976976,0.1045293813093792,0.36210039862317067,0.5429283174579371,-0.23173473528839783,120,False,0.003741304206753954,3.333333333333333,False,-1
EarnSupBig,2007,-0.060682004231676044,-0.03189323245901384,-0.1104813980732337,0.3082019764476014,-1.0788305867269021,120,False,0.0016037400257252214,3.333333333333333,False,-1
IndRetBig,2007,0.7984414047509628,0.25823906530589424,0.8945663632178122,2.405999047313056,1.5824152687027149,120,False,0.022956113236872185,3.333333333333333,False,-1
Mom6mJunk,2007,-0.033644886135881,0.04858277834489696,0.16829568093243708,1.2065274669391253,-0.6271940907975933,120,False,0.0025192844518211435,3.333333333333333,False,-1
NetDebtPrice,2007,0.46007717091967,0.1999591516119328,0.6926788200604715,1.7982037532205326,0.7463963969688365,120,False,0.009949928858833501,3.333333333333333,False,-1
NetPayoutYield,2007,0.8117804788959379,0.24762439759586793,0.8577960756593596,1.910719202997853,1.4902082377114907,120,False,0.020934054650139852,3.333333333333333,False,-1
OrderBacklogChg,2007,0.3763113664307227,0.10111755574407288,0.3502814881718248,0.03523845692416416,-0.24031647141278922,120,False,0.003709334694452319,3.333333333333333,False,-1
PayoutYield,2007,-0.021176471590917356,-0.024223450305918673,-0.083912493328942,0.7066908895017621,-1.0623527002823892,120,False,0.0016303851969179204,3.333333333333333,False,-1
AssetGrowth,2008,0.6113667498048194,0.17613388636147714,0.6101456802252827,3.2575192363595034,0.46695784387182004,120,False,0.007524217723205626,3.333333333333333,False,-1
ChAssetTurnover,2008,0.0038282763927993636,-0.001476899994199458,-0.0051161316553032824,0.18443440561730706,-0.9392980192039315,120,False,0.0018438780418211858,3.333333333333333,False,-1
ChNAnalyst,2008,0.015408797837809156,0.00640050281568431,0.022171992141505763,0.3773941840163313,-0.8944187420735357,120,False,0.0019285149721037186,3.333333333333333,False,-1
ChNNCOA,2008,-0.00346412077351773,-0.008604188035087224,-0.029805781669294592,0.36138090728321615,-0.9732439846917682,120,False,0.0017823362783205507,3.333333333333333,False,-1
ChNWC,2008,-0.046339878413091284,-0.02104584030309539,-0.07290492938588398,0.6960375786066895,-1.0343029213933925,120,False,0.001676764565854737,3.333333333333333,False,-1
CompositeDebtIssuance,2008,0.8453632397660554,0.26691201599132414,0.92461034569522,2.3436436187572545,1.718823100866936,120,False,0.026311131620720442,3.333333333333333,False,-1
CustomerMomentum,2008,0.512715454479342,0.11912723912089312,0.41266886144558734,0.5672200274684092,-0.09037802539320072,120,False,0.0043093667989112,3.333333333333333,False,-1
InvestPPEInv,2008,0.9821876230903492,0.2670590487920677,0.9251196822577541,2.4331012446660436,1.7151899617969748,120,False,0.026215713059863047,3.333333333333333,False,-1
Mom12mOffSeason,2008,0.1704044427235024,0.10117677462116724,0.350486628379614,-0.19495424363897307,-0.22065015236277197,120,False,0.0037830056983238014,3.333333333333333,False,-1
MomOffSeason,2008,0.044354863984703605,0.011991981301353061,0.041541441794718886,2.479584697181499,-0.8781036868425083,120,False,0.00196023686899321,3.333333333333333,False,-1
MomOffSeason06YrPlus,2008,0.8536663168175019,0.3170634748703259,1.0983400953994846,5.411816398559029,2.61059647552634,120,False,0.06418473949284188,3.333333333333333,False,-1
MomOffSeason11YrPlus,2008,0.23288548843922777,0.06748808964831986,0.23378560035330637,0.7401911600579179,-0.5166989311621892,120,False,0.0028136148304411203,3.333333333333333,False,-1
MomOffSeason16YrPlus,2008,0.4020769163061472,0.1568725531466607,0.5434224647261305,0.7637592386103955,0.2384508095302551,120,False,0.005987175792259109,3.333333333333333,False,-1
MomSeason,2008,0.07326451398762482,0.03476066619204446,0.12041447989912554,0.7268082867141115,-0.7373946676839451,120,False,0.0022564083797041268,3.333333333333333,False,-1
MomSeason06YrPlus,2008,0.25210113461062383,0.06463755161064452,0.22391104693298364,1.2953490413009796,-0.5386280165522308,120,False,0.002752586424745928,3.333333333333333,False,-1
MomSeason11YrPlus,2008,0.28877177177279545,0.077358318422867,0.2679770757929943,0.2471763348457081,-0.43998111413147845,120,False,0.0030379650206847635,3.333333333333333,False,-1
MomSeason16YrPlus,2008,0.6395390564357989,0.22582868829137984,0.7822935238546094,1.7122343024243545,1.112309081794161,120,False,0.01434609939517134,3.333333333333333,False,-1
MomSeasonShort,2008,0.1120060037288462,0.059508689620182034,0.20614414782800392,0.32504913050727535,-0.5709120416441451,120,False,0.0026651409956830363,3.333333333333333,False,-1
ShareIss1Y,2008,0.6143225364880314,0.18285495447908745,0.6334281431469474,0.5989094853046621,0.5989094853046621,120,False,0.008585532245851202,3.333333333333333,False,-1
CPVolSpread,2009,0.9168673078173798,0.24223087435073534,0.8391123630746128,2.7391376396311022,1.3548422795665152,120,False,0.01828372434165418,3.333333333333333,False,-1
CashProd,2009,-0.10176043598360675,-0.02032173896817818,-0.07039656878207387,0.3578794929857816,-1.0332479091727431,120,False,0.001678534506453177,3.333333333333333,False,-1
EarningsConsistency,2009,0.5813777027995397,0.19992817875770336,0.6925715269461099,0.9115578569093143,0.7760085349816128,120,False,0.010248973346918907,3.333333333333333,False,-1
Frontier,2009,0.06758509060733726,0.026447781917054717,0.09161780405568033,0.7316366281678448,-0.7830904645938335,120,False,0.0021556203330927123,3.333333333333333,False,-1
RIVolSpread,2009,0.17131288373782602,0.028466210247949538,0.0986098448967729,0.09691607904618116,-0.769233612850786,120,False,0.002185698356540732,3.333333333333333,False,-1
sinAlgo,2009,0.2834419846610533,0.07129549651077391,0.24697484461502003,-0.04400512456881911,-0.48569621785369255,120,False,0.0029022107857026532,3.333333333333333,False,-1
tang,2009,-0.10651542226935652,-0.01984935062796429,-0.06876016756976669,0.1646074234158159,-1.0309670817428234,120,False,0.0016823673233329172,3.333333333333333,False,-1
ChEQ,2010,0.2518296198921325,0.06627126978187431,0.22957041268862066,0.771967622824915,-0.5250144925712046,120,False,0.0027903150531636734,3.333333333333333,False,-1
iomom_cust,2010,0.2392682862210648,0.08402742259635569,0.2910795303318984,1.0055155424148354,-0.38657895529903974,120,False,0.0032046088813030517,3.333333333333333,False,-1
iomom_supp,2010,0.05824174053084593,0.037931548367784035,0.13139873796551652,0.6390649728954672,-0.7077625707825161,120,False,0.002324270981503356,3.333333333333333,False,-1
realestate,2010,0.5800118056678987,0.20273621509692943,0.7022988501641885,1.3615698568730281,0.7931774095398072,120,False,0.010426455912924782,3.333333333333333,False,-1
roaq,2010,0.39939093963188155,0.12614135916263586,0.43696648601095844,0.9618007495857905,-0.0226903137231671,120,False,0.004611156487833353,3.333333333333333,False,-1
skew1,2010,0.8146525023741245,0.22272019584190178,0.7715253901397289,1.1778215387666804,1.081541459843175,120,False,0.01391142526682556,3.333333333333333,False,-1
ChTax,2011,0.5732041964885392,0.18602463497823954,0.6444082384835308,2.4748425507509477,0.6613172970980572,120,False,0.009138409010198004,3.333333333333333,False,-1
EarningsForecastDisparity,2011,0.14287655417526773,0.06236133490745288,0.21602600097505395,1.3982379723187974,-0.5381601769465469,120,False,0.0027538744949751315,3.333333333333333,False,-1
EntMult,2011,0.2461562280419509,0.07160479684256062,0.248046292393925,1.0739944269426198,-0.4800108686965865,120,False,0.0029187578607252377,3.333333333333333,False,-1
MaxRet,2011,-0.0031626088390189575,0.030977937571497527,0.1073107235750611,0.1312720511030192,-0.7547657308595535,120,False,0.0022175506443954116,3.333333333333333,False,-1
OPLeverage,2011,0.2852130203725737,0.09424383878867193,0.32647023416462057,0.29101068716629475,-0.328424020483153,120,False,0.0033964982819751693,3.333333333333333,False,-1
PctAcc,2011,0.20071168453180405,0.02315997583081093,0.08022850968206349,0.14849996219723316,-0.800965602696428,120,False,0.00211743066162771,3.333333333333333,False,-1
PctTotAcc,2011,0.8858477444373328,0.2725570890022516,0.9441654522299445,2.3451448178499286,1.749603149988225,120,False,0.02713358214600024,3.333333333333333,False,-1
RDS,2011,-0.002526171516103773,-0.021618062520425804,-0.07488716529315598,0.669295007804128,-1.0431456516658446,120,False,0.0016620027526250006,3.333333333333333,False,-1
RDcap,2011,0.0774508841217526,0.05784701940026895,0.20038795333537668,0.1608224291752176,-0.5874015053866475,120,False,0.0026215545956470693,3.333333333333333,False,-1
Recomm_ShortInterest,2011,0.25257843057094076,0.07547908627653749,0.2614672246796754,0.26232081802308027,-0.4464760810490209,120,False,0.0030182974775387035,3.333333333333333,False,-1
ResidualMomentum,2011,0.19573631105314965,0.05967453144378325,0.20671864075699825,0.19191324362629558,-0.5678362597198723,120,False,0.0026733510078141296,3.333333333333333,False,-1
SmileSlope,2011,1.4201895519644347,0.5204172832716724,1.8027783515270024,7.806267721722467,7.558039540572043,120,False,9.038138778750564,3.333333333333333,True,180
Cash,2012,-0.14730049784871307,0.01754026953118323,0.06076127601292337,0.770152934462659,-0.8353456007664046,120,False,0.0020458705659795267,3.333333333333333,False,-1
EarningsStreak,2012,1.223653562222202,0.3953057329189628,1.3693792278777928,4.591031405484112,4.3126721938420545,120,False,0.3520739357028476,3.333333333333333,False,-1
IntMom,2012,0.1513473779584834,0.06656505294969388,0.2305881074347647,0.6082306704928071,-0.5235624662315999,120,False,0.002794369607063814,3.333333333333333,False,-1
InvGrowth,2012,0.6802144488156353,0.1940148040853785,0.6720869961927947,0.796930688322979,0.7124750689657253,120,False,0.00961807435147059,3.333333333333333,False,-1
NumEarnIncrease,2012,0.7073525116045867,0.24428584217175986,0.8462309804224799,2.7064383426703658,1.3647632107505872,120,False,0.0184660186822514,3.333333333333333,False,-1
OptionVolume1,2012,0.1971590817555461,0.016386316197161976,0.05676386440474675,0.5909528153769148,-0.8346908953645749,120,False,0.002047210447056347,3.333333333333333,False,-1
OptionVolume2,2012,-0.47281078512548724,-0.12081212021686744,-0.41850546077146705,-0.08361190017480391,-1.3937065054762634,120,False,0.0011705368606613152,3.333333333333333,False,-1
retConglomerate,2012,0.4035724560546993,0.14052128222032395,0.4867800007006524,0.6842500695321592,0.09948803741878898,120,False,0.0052104021543906915,3.333333333333333,False,-1
CitationsRD,2013,0.17715800738242357,0.06005450421182561,0.20803490503648217,0.5665992388365091,-0.5701036610935242,120,False,0.002667296314870293,3.333333333333333,False,-1
DelDRC,2013,0.37094008252148136,0.13351890334158167,0.4625230487169948,1.4047019339129316,0.05074807646533874,120,False,0.004962536895144345,3.333333333333333,False,-1
DivSeason,2013,0.60243277569738,0.16174253927553997,0.5602925915408797,0.41775723038638457,0.3432243953381635,120,False,0.006648514190132512,3.333333333333333,False,-1
GP,2013,0.7432236012493288,0.26247450479959483,0.9092383560087587,2.3803663023651094,1.6954513068064776,120,False,0.025703323718742222,3.333333333333333,False,-1
OrgCap,2013,0.22988814505595648,0.10095707854036631,0.3497255788312721,1.0471166484599495,-0.244764419681629,120,False,0.0036928724044678557,3.333333333333333,False,-1
RDAbility,2013,0.41251529423103717,0.1236069146534273,0.4281869126931321,0.11694626820510434,-0.062498457421252596,120,False,0.004431200527986883,3.333333333333333,False,-1
BetaFP,2014,-0.06888487093073746,-0.05075177118766382,-0.175809292542288,0.11857420731557045,-1.1629357713498498,120,False,0.001474373616713233,3.333333333333333,False,-1
BetaTailRisk,2014,0.25576362654508067,0.036015112484262056,0.1247600093261001,0.013577769200422862,-0.7190976953807111,120,False,0.0022980738347836796,3.333333333333333,False,-1
BrandInvest,2014,-0.28826793059726336,-0.07540108949693139,-0.2611970359094664,-0.03978353696107617,-1.2582367043528886,120,False,0.0013403520454692,3.333333333333333,False,-1
GrAdExp,2014,0.16545247186883585,0.025692235842329266,0.08900051567791291,0.6726557497871701,-0.7843596700520123,120,False,0.0021528861434914107,3.333333333333333,False,-1
hire,2014,0.25867168212649766,0.056216745843880055,0.19474052007557355,-0.07950333350309191,-0.5941978830962655,120,False,0.002603797929283826,3.333333333333333,False,-1
