signalname,pub_year,sr120_raw_ann,mean_Y,sr120_std_ann,max_logE,logE_tau,tau_months,solo,gamma_e,ebh_thr_gamma_e,rejected,disc_step,meanY2_pre,m_env_consistent,logE_tau_adj,tau_months_adj,solo_adj,gamma_e_adj,ebh_thr_gamma_e_adj,rejected_adj,disc_step_adj
Beta,1973,0.2070941678619804,0.0495865870246203,0.1717729762011562,0.4494013819800635,-0.6395550801440966,120,False,0.00248833527882,3.333333333333333,False,-1,1.2312297677186748,1.3,-0.6395550801440966,120,False,0.0024883352788200525,5.0,False,-1
Price,1973,0.8727180484487805,0.2584502334622524,0.8952978711693181,2.829391810740057,1.500835147016356,120,False,0.0211577052026019,3.333333333333333,False,-1,1.365149907395998,1.3,1.500835147016356,120,False,0.02115770520260198,5.0,False,-1
EP,1977,0.4001852285428037,0.080057065899026,0.2773258112840057,0.106314248107691,-0.4243680771692701,120,False,0.0030857690931339,3.333333333333333,False,-1,1.2743676619522788,1.3,-0.42436807716927016,120,False,0.0030857690931339644,5.0,False,-1
DivYieldST,1979,1.6734369190173497,0.4866236694758892,1.6857138393956888,6.856991181358366,6.664635860918755,120,False,3.6989521848024216,3.333333333333333,True,180,1.5028823508780895,1.3,6.664635860918755,120,False,3.6989521848024216,5.0,False,-1
BM,1980,0.9435695821866288,0.2023628193140714,0.7010053692297045,3.5783767140663416,0.8209333061261901,120,False,0.0107199051798073,3.333333333333333,False,-1,1.2653607531133937,1.3,0.8209333061261901,120,False,0.010719905179807374,5.0,False,-1
Size,1981,-0.2740971888721892,-0.0803870906748233,-0.2784690506428806,1.050287257812158,-1.271005009361536,120,False,0.0013233468167363,3.333333333333333,False,-1,1.3233274502260093,1.3,-1.271005009361536,120,False,0.0013233468167363138,5.0,False,-1
AnalystRevision,1984,2.6964721452934133,0.7767913309236317,2.690884104077558,16.2035121342056,8.505696889183985,62,True,23.315319050511103,20.0,True,7,1.9390133085041248,1.3924845810651278,8.693185997285957,65,True,28.123336795442956,20.0,True,7
EarningsSurprise,1984,2.380410782700672,0.5951500505387941,2.061660251320753,10.220747924328226,8.434988260310474,85,True,21.723659923562284,10.0,True,8,1.5111747082388445,1.3,8.434988260310474,85,True,21.723659923562284,10.0,True,8
FirmAge,1984,-0.3973092494917037,-0.1339896310451541,-0.4641536973152302,0.3995630611864018,-1.4324511484216762,120,False,0.0011260521644767,3.333333333333333,False,-1,1.2555498894125046,1.3,-1.4324511484216762,120,False,0.0011260521644767703,5.0,False,-1
LRreversal,1985,0.5416147118356226,0.1360263713737182,0.4712091727770255,0.2231759488215976,0.0171317178559264,120,False,0.0047984872988216,3.333333333333333,False,-1,1.372829080512776,1.3,0.017131717855926487,120,False,0.004798487298821602,5.0,False,-1
MRreversal,1985,0.6381823972668215,0.1767744628002455,0.6123647021014395,1.0518994691662755,0.4600076148205587,120,False,0.007472103997545,3.333333333333333,False,-1,1.6251018788052105,1.3,0.46000761482055874,120,False,0.007472103997545075,5.0,False,-1
BidAskSpread,1986,0.1098429722334916,-0.0262191152902302,-0.0908256796243694,0.2375020786824984,-1.0691127976145074,120,False,0.001619400803912,3.333333333333333,False,-1,1.38883577990961,1.3,-1.0691127976145074,120,False,0.0016194008039120435,5.0,False,-1
Leverage,1988,0.6656246276254767,0.1789840292171695,0.6200188646950602,1.130479787004277,0.5100573352070155,120,False,0.0078555975353703,3.333333333333333,False,-1,1.2300537206117954,1.3,0.5100573352070155,120,False,0.007855597535370374,5.0,False,-1
STreversal,1990,1.1802162637703195,0.6030175240841429,2.088913979136249,12.59205872974489,8.58562876883892,73,True,25.25546313667178,6.666666666666666,True,14,1.7877297969482724,1.3370601321362747,8.39523488013988,74,True,20.877011084375617,6.666666666666666,True,14
AgeIPO,1991,0.4420011345376246,0.1268073236179187,0.4392734545561282,0.5925082290717567,-0.0114688959623252,120,False,0.0046631916090389,3.333333333333333,False,-1,1.3759364336771294,1.3,-0.011468895962325254,120,False,0.004663191609038924,5.0,False,-1
IndIPO,1991,0.6194078965109764,0.3361400362319309,1.1644232424234953,3.7358462873793297,2.9482848763588603,120,False,0.089967984626192,3.333333333333333,False,-1,0.8995038068034078,1.3,2.9482848763588603,120,False,0.089967984626192,5.0,False,-1
AM,1992,0.5478363582373379,0.1958284314525601,0.6783695856847066,3.2210006523467367,0.7549815673320139,120,False,0.0100357184252826,3.333333333333333,False,-1,1.2295299317307842,1.3,0.7549815673320139,120,False,0.010035718425282664,5.0,False,-1
BMdec,1992,0.8594962711676698,0.314897358539823,1.0908364483204136,4.499911827364028,2.581108205508945,120,False,0.0623196764513897,3.333333333333333,False,-1,1.2334498748935656,1.3,2.581108205508945,120,False,0.06231967645138975,5.0,False,-1
BookLeverage,1992,-0.1112994511208215,-0.0149096098639859,-0.0516484036109075,-0.2566403351166295,-1.0120564953738227,120,False,0.0017144845970277,3.333333333333333,False,-1,1.2176021252021538,1.3,-1.0120564953738227,120,False,0.0017144845970277032,5.0,False,-1
Mom12m,1993,0.2737251886101906,0.1632916819224401,0.5656589790860853,1.5733280382917336,0.4231216305899501,120,False,0.0072015093421022,3.333333333333333,False,-1,1.3905459408642615,1.3,0.4231216305899501,120,False,0.007201509342102295,5.0,False,-1
Mom6m,1993,0.4518010133205778,0.2382694256520156,0.8253895022390924,2.6687361035757617,1.3590233307817805,120,False,0.0183603295631137,3.333333333333333,False,-1,1.4285507486769962,1.3,1.3590233307817803,120,False,0.018360329563113734,5.0,False,-1
Spinoff,1993,0.0244492161251672,0.1053897082547213,0.3650806585840768,1.6295805855199688,-0.2193577163325295,120,False,0.0037878981521016,3.333333333333333,False,-1,1.3505988798373063,1.3,-0.21935771633252954,120,False,0.003787898152101671,5.0,False,-1
CF,1994,0.1631194002872166,0.0244053357865358,0.084542563116118,0.3923060940779925,-0.7832302313499178,120,False,0.0021553190700851,3.333333333333333,False,-1,1.3278415544953712,1.3,-0.7832302313499178,120,False,0.0021553190700851735,5.0,False,-1
MeanRankRevGrowth,1994,-0.4282216336080389,-0.0900031848002478,-0.3117801778340802,0.005164086870586,-1.304364238610756,120,False,0.0012799292023008,3.333333333333333,False,-1,1.1709817255747463,1.3,-1.3043642386107561,120,False,0.001279929202300846,5.0,False,-1
DivInit,1995,0.2900333843840217,0.1094492719004453,0.3791433995659841,1.221477578002233,-0.1643759096893198,120,False,0.0040019954315565,3.333333333333333,False,-1,1.237731026965171,1.3,-0.1643759096893198,120,False,0.004001995431556578,5.0,False,-1
DivOmit,1995,0.2896229367468259,0.1314169254411651,0.4552415836771781,1.588649497415034,0.0178102433853908,120,False,0.0048017442998108,3.333333333333333,False,-1,1.1153085964422988,1.3,0.017810243385390834,120,False,0.004801744299810864,5.0,False,-1
ExchSwitch,1995,0.7644631546093537,0.2216267532058253,0.7677375937380362,1.9461525523351089,1.0458873544172196,120,False,0.0134241638946499,3.333333333333333,False,-1,1.1094158648997376,1.3,1.0458873544172196,120,False,0.013424163894649972,5.0,False,-1
ShareRepurchase,1995,0.2716836561661714,0.0648975173134278,0.2248115945438757,0.7325179579312371,-0.5230420911650657,120,False,0.0027958241057436,3.333333333333333,False,-1,1.325429333548139,1.3,-0.5230420911650657,120,False,0.0027958241057436115,5.0,False,-1
Accruals,1996,0.4884158582680243,0.204600297817163,0.7087562221260999,3.5093333772693187,0.82021764366073,120,False,0.0107122360906038,3.333333333333333,False,-1,1.2221872684468775,1.3,0.82021764366073,120,False,0.010712236090603863,5.0,False,-1
AnnouncementReturn,1996,1.977456830008978,0.6996297061445685,2.4235883950537525,14.350316534213436,8.530605814664966,46,True,23.90337207508854,5.0,True,30,2.133691421718225,1.4607160647155986,8.431513296458702,79,True,21.648301999462046,5.0,True,30
REV6,1996,0.6544743306697562,0.2293256475178877,0.7944073459592262,1.4726846732372,1.1855737950914342,120,False,0.015436622943559,3.333333333333333,False,-1,1.7028566822806248,1.304935508858819,1.1855737950914342,120,False,0.015436622943559,5.0,False,-1
RoE,1996,0.3800888831489524,0.0574174709875192,0.1988999539849907,1.152067141478903,-0.5597179842357936,120,False,0.0026951423421064,3.333333333333333,False,-1,1.11490119008195,1.3,-0.5597179842357936,120,False,0.0026951423421064506,5.0,False,-1
SP,1996,0.6179044789932415,0.1895449816429812,0.6566030770507072,1.4331884728250446,0.6947606901894285,120,False,0.0094491963399672,3.333333333333333,False,-1,1.2588222174958137,1.3,0.6947606901894285,120,False,0.009449196339967296,5.0,False,-1
VarCF,1996,-0.3444908139302641,-0.0957330175887336,-0.3316289008511433,0.4198036251535348,-1.3190325804742964,120,False,0.0012612917873553,3.333333333333333,False,-1,1.2731126647081763,1.3,-1.3190325804742964,120,False,0.00126129178735535,5.0,False,-1
VolMkt,1996,0.2934973908884926,0.0712082423587909,0.2466725873662082,1.0082494864213971,-0.4863104967047502,120,False,0.0029004285664415,3.333333333333333,False,-1,1.1670606664285763,1.3,-0.48631049670475024,120,False,0.002900428566441526,5.0,False,-1
VolumeTrend,1996,1.188147584097651,0.3497217267002002,1.211471598310928,4.039370085999952,3.260486105130382,120,False,0.1229349199735636,3.333333333333333,False,-1,1.2697393353522433,1.3,3.260486105130382,120,False,0.12293491997356365,5.0,False,-1
fgr5yrLag,1996,0.023598908438104,0.0092559499541744,0.0320635511858899,0.7159147524491223,-0.8755601702665137,120,False,0.001965229110195,3.333333333333333,False,-1,1.1526581309274082,1.3,-0.8755601702665137,120,False,0.001965229110195062,5.0,False,-1
AOP,1998,0.2336956707583571,0.0928596712509645,0.3216753371616273,0.0581732065878359,-0.3349047081043601,120,False,0.0033745578090696,3.333333333333333,False,-1,1.3196548008136768,1.3,-0.3349047081043601,120,False,0.0033745578090696466,5.0,False,-1
AnalystValue,1998,0.310804366630275,0.0429113146360956,0.1486491543385831,-0.0924874260388939,-0.6679885818141185,120,False,0.0024185795922463,3.333333333333333,False,-1,1.1422346086823445,1.3,-0.6679885818141185,120,False,0.0024185795922463844,5.0,False,-1
ChInvIA,1998,1.053179172041834,0.2803436815732793,0.9711390001316612,3.0756122860621806,1.9496583397670808,120,False,0.0331428611685945,3.333333333333333,False,-1,1.2726793799355696,1.3,1.9496583397670806,120,False,0.033142861168594585,5.0,False,-1
DolVol,1998,0.589401190796793,0.0594799135241093,0.206044464507121,1.488560451720199,-0.5634412129181838,120,False,0.0026851263682861,3.333333333333333,False,-1,1.376374724735289,1.3,-0.5634412129181838,120,False,0.002685126368286177,5.0,False,-1
GrSaleToGrInv,1998,0.2933304644405831,0.034596339313594,0.1198452348940749,1.5588024053243228,-0.7421007802601598,120,False,0.0022458144155976,3.333333333333333,False,-1,1.2073353911306934,1.3,-0.7421007802601598,120,False,0.0022458144155976557,5.0,False,-1
GrSaleToGrOverhead,1998,-0.2654939689688853,-0.0672266376955153,-0.2328799042213153,-0.4475061108876421,-1.222132729880923,120,False,0.0013896282626453,3.333333333333333,False,-1,1.204134647432964,1.3,-1.222132729880923,120,False,0.0013896282626453913,5.0,False,-1
OScore,1998,0.4566291549020771,0.1364502850387875,0.4726776527888707,0.460833238020953,0.1277223067455175,120,False,0.0053596105349651,3.333333333333333,False,-1,1.196045882225959,1.3,0.12772230674551754,120,False,0.005359610534965133,5.0,False,-1
PredictedFE,1998,0.0812199480619838,-0.0026126258145561,-0.0090504013039546,-0.0830816765425235,-0.9399747319344172,120,False,0.0018426306881744,3.333333333333333,False,-1,1.179988683080757,1.3,-0.9399747319344172,120,False,0.0018426306881744697,5.0,False,-1
ShareVol,1998,-0.0072083039232883,0.0294888965639762,0.1021525342159002,0.0957813924758745,-0.7630570670244898,120,False,0.0021992402004607,3.333333333333333,False,-1,1.197398425983287,1.3,-0.7630570670244898,120,False,0.002199240200460705,5.0,False,-1
DebtIssuance,1999,0.6755636024891056,0.2196826447402698,0.7610030044625024,1.450785350413223,0.971081650160575,120,False,0.0124566006420415,3.333333333333333,False,-1,1.5937941248346683,1.3,0.971081650160575,120,False,0.012456600642041559,5.0,False,-1
IndMom,1999,0.486387213772689,0.1733011323405026,0.6003327324459369,1.4936054151717997,0.450813214261115,120,False,0.0074037173492546,3.333333333333333,False,-1,1.3101105272493552,1.3,0.450813214261115,120,False,0.007403717349254647,5.0,False,-1
Coskewness,2000,0.2589513961407553,0.1530097336263877,0.5300412653869675,0.6882153986298838,0.2246468101525747,120,False,0.0059050966350136,3.333333333333333,False,-1,1.222499775380579,1.3,0.2246468101525747,120,False,0.0059050966350136765,5.0,False,-1
MomVol,2000,0.0092398198946258,0.0756067772108691,0.2619095590515323,0.835233328908664,-0.4217689425285575,120,False,0.0030937998544711,3.333333333333333,False,-1,1.3971540154039392,1.3,-0.42176894252855757,120,False,0.003093799854471177,5.0,False,-1
PS,2000,0.344037486382309,0.1835408676251377,0.6358042159840245,1.5478890169591952,0.4996232301385397,120,False,0.0077740575435058,3.333333333333333,False,-1,1.0442319719329558,1.3,0.4996232301385397,120,False,0.007774057543505821,5.0,False,-1
AbnormalAccruals,2001,-0.1048640347972798,-0.0343589554282448,-0.1190229129934291,-0.0567782900475279,-1.0960254200884378,120,False,0.0015763997129107,3.333333333333333,False,-1,1.303070223668117,1.3,-1.0960254200884378,120,False,0.0015763997129107483,5.0,False,-1
AdExp,2001,0.5584755612047585,0.1164529904144235,0.4034049921822259,1.5303382924426343,-0.1371248505672959,120,False,0.0041125536176906,3.333333333333333,False,-1,1.139368405412757,1.3,-0.13712485056729595,120,False,0.004112553617690653,5.0,False,-1
ConsRecomm,2001,0.305887497096716,0.0972786790118548,0.3369832290834337,0.8078252707629914,-0.2839445967534608,120,False,0.00355098279046,3.333333333333333,False,-1,1.9429484923383993,1.3938968729208052,-0.28394459675346084,120,False,0.0035509827904600787,5.0,False,-1
CredRatDG,2001,0.2848305444437231,0.150150954864782,0.5201381652615675,2.1327486522093775,0.2327853855620587,120,False,0.0059533518071026,3.333333333333333,False,-1,1.1716502671636686,1.3,0.23278538556205874,120,False,0.005953351807102679,5.0,False,-1
DownRecomm,2001,0.9630026245734088,0.2199780849104605,0.7620264392332364,1.90462607501122,1.0475659099911605,120,False,0.0134467160219852,3.333333333333333,False,-1,2.7194601970967085,1.6490785903336167,1.0475659099911603,120,False,0.013446716021985206,5.0,False,-1
RD,2001,0.3530245032790147,0.0757245809804252,0.2623176432799208,0.758989479291091,-0.4680200470376014,120,False,0.0029539668361106,3.333333333333333,False,-1,1.4456949565419766,1.3,-0.46802004703760147,120,False,0.002953966836110655,5.0,False,-1
ShortInterest,2001,0.8059898766659551,0.2534544954368942,0.8779921270068699,2.46616758806845,1.5368503170501606,120,False,0.0219335915274099,3.333333333333333,False,-1,1.2818622769088672,1.3,1.5368503170501606,120,False,0.021933591527409927,5.0,False,-1
UpRecomm,2001,0.5781142071085079,0.13082251341082,0.4531824800028022,0.9904906620675138,0.0198929864335293,120,False,0.0048117555211521,3.333333333333333,False,-1,1.8967055658880103,1.3772093398928176,0.019892986433529325,120,False,0.0048117555211521544,5.0,False,-1
VolSD,2001,0.1768287404742911,0.108407942963644,0.3755361303141208,0.9761841335885524,-0.2106745037445057,120,False,0.0038209324915537,3.333333333333333,False,-1,1.1264555660479825,1.3,-0.2106745037445057,120,False,0.0038209324915537387,5.0,False,-1
sfe,2001,0.5318558642959906,0.1445880341555713,0.5008676426479075,0.6426317311189402,0.167449582501477,120,False,0.0055768192490362,3.333333333333333,False,-1,1.439788042509525,1.3,0.167449582501477,120,False,0.005576819249036278,5.0,False,-1
std_turn,2001,-0.122454262799943,0.0215479960802803,0.0746444480246812,0.6709142566763984,-0.8153495134597146,120,False,0.0020871917263765,3.333333333333333,False,-1,1.1470197376909266,1.3,-0.8153495134597146,120,False,0.0020871917263765296,5.0,False,-1
ChInv,2002,0.4517807478761078,0.1098554032712267,0.3805502799034658,1.7559822984766875,-0.1854520955869101,120,False,0.0039185312745057,3.333333333333333,False,-1,1.340751910341667,1.3,-0.18545209558691012,120,False,0.00391853127450572,5.0,False,-1
DelBreadth,2002,0.0161286806414084,0.0412910334979063,0.1430363358308046,1.0635161262170725,-0.6892163224860051,120,False,0.0023677797028998,3.333333333333333,False,-1,1.4612459267755291,1.3,-0.6892163224860051,120,False,0.0023677797028998403,5.0,False,-1
ForecastDispersion,2002,0.0110778490704004,0.0748894497380669,0.2594246637944153,0.7066736090303454,-0.4446269406630778,120,False,0.003023883896746,3.333333333333333,False,-1,1.517106217064504,1.3,-0.44462694066307784,120,False,0.003023883896746082,5.0,False,-1
Illiquidity,2002,0.4140253763381795,0.1356685432465347,0.4699696197837072,0.8605583156115746,0.0406026734354949,120,False,0.0049124444917666,3.333333333333333,False,-1,1.1431682786253388,1.3,0.04060267343549495,120,False,0.00491244449176666,5.0,False,-1
ProbInformedTrading,2002,0.1400346860231209,0.1348551390524469,0.4671519050012079,1.8774371271911456,0.0805044753723469,120,False,0.0051124230999563,3.333333333333333,False,-1,1.4311673483378502,1.3,0.08050447537234695,120,False,0.005112423099956386,5.0,False,-1
BetaLiquidityPS,2003,0.2566888255889346,0.1050469599414135,0.3638933435983616,2.0251067321262184,-0.2096696205559718,120,False,0.0038247740121955,3.333333333333333,False,-1,1.1006661163844482,1.3,-0.20966962055597183,120,False,0.0038247740121955184,5.0,False,-1
ExclExp,2003,0.0083040692012821,0.0057882605981733,0.0200511228869704,0.1512771950076035,-0.897770870289069,120,False,0.0019220611656882,3.333333333333333,False,-1,1.403372296879012,1.3,-0.897770870289069,120,False,0.0019220611656882664,5.0,False,-1
GrLTNOA,2003,0.1952375833527693,0.0661259553459208,0.2290670287163313,0.6192257418320517,-0.5193258447976234,120,False,0.0028062334067042,3.333333333333333,False,-1,1.1538703940973605,1.3,-0.5193258447976234,120,False,0.00280623340670424,5.0,False,-1
IdioVolAHT,2003,0.1422278037544425,0.0355612881436357,0.1231879156947476,0.1566912898013781,-0.7297584013506675,120,False,0.0022737048713062,3.333333333333333,False,-1,1.2044475336047882,1.3,-0.7297584013506675,120,False,0.002273704871306291,5.0,False,-1
OrderBacklog,2003,-0.3466535721080826,-0.092117395056927,-0.3191040169989837,0.1157372335515103,-1.3101662415721,120,False,0.0012725245509553,3.333333333333333,False,-1,1.3310844044905177,1.3,-1.3101662415721,120,False,0.0012725245509553368,5.0,False,-1
AccrualsBM,2004,0.7867422016326081,0.2028943417345542,0.7028466169049807,1.2979788561715753,0.7702600557799191,120,False,0.0101902263515105,3.333333333333333,False,-1,1.1854437802655882,1.3,0.7702600557799191,120,False,0.010190226351510578,5.0,False,-1
ChForecastAccrual,2004,0.3476023973899251,0.1001563984799598,0.3469519417408095,1.695497832581913,-0.2490932341751386,120,False,0.0036769211947033,3.333333333333333,False,-1,1.1993041620143063,1.3,-0.24909323417513862,120,False,0.003676921194703372,5.0,False,-1
ChangeInRecommendation,2004,0.8373306111697509,0.2413124874466851,0.8359309775169712,1.3512719607536687,1.3512719607536687,120,False,0.0182185620110353,3.333333333333333,False,-1,1.987855392371012,1.4099132570378266,1.3512719607536687,120,False,0.01821856201103535,5.0,False,-1
EquityDuration,2004,0.1355593088132488,0.0432206559169952,0.1497207439693762,0.7197682528854854,-0.6719352624162565,120,False,0.002409053042575,3.333333333333333,False,-1,1.2448499925366467,1.3,-0.6719352624162565,120,False,0.0024090530425750216,5.0,False,-1
High52,2004,0.0326337593304445,0.0979341513784373,0.33925385196719,2.523568825710779,-0.259278795099511,120,False,0.0036396597762265,3.333333333333333,False,-1,1.44808953972742,1.3,-0.259278795099511,120,False,0.0036396597762265704,5.0,False,-1
Investment,2004,0.054994021129461,0.009332431547288,0.0323284911961232,-0.0436798985309221,-0.8795716906382023,120,False,0.0019573613449855,3.333333333333333,False,-1,1.263661538093141,1.3,-0.8795716906382023,120,False,0.001957361344985552,5.0,False,-1
NOA,2004,0.1591763366408983,0.0647274890401366,0.2242225993277486,-0.030245744327805,-0.5361188820122138,120,False,0.0027595017064766,3.333333333333333,False,-1,1.471150664646797,1.3,-0.5361188820122138,120,False,0.002759501706476685,5.0,False,-1
SurpriseRD,2004,-0.0525252917595899,0.0196570255743908,0.0680939340410514,-0.0323532067199792,-0.8217464897185087,120,False,0.002073882624844,3.333333333333333,False,-1,1.1941310220156218,1.3,-0.8217464897185087,120,False,0.002073882624844065,5.0,False,-1
Tax,2004,0.8205735524623975,0.2592619405337116,0.8981097069465788,1.8559247156216525,1.6092847619435844,120,False,0.0235812938970854,3.333333333333333,False,-1,1.2813598440723497,1.3,1.6092847619435844,120,False,0.023581293897085416,5.0,False,-1
cfp,2004,0.783024443539132,0.2474208606728599,0.8570910030756276,2.196273703454211,1.5099986086407298,120,False,0.0213524740377819,3.333333333333333,False,-1,1.2949692110301023,1.3,1.5099986086407298,120,False,0.02135247403778198,5.0,False,-1
dNoa,2004,0.6189424941502473,0.1634130479778374,0.5660794034346102,0.9912979956017356,0.3192950221075237,120,False,0.0064913078388612,3.333333333333333,False,-1,1.473604632902613,1.3,0.3192950221075237,120,False,0.006491307838861236,5.0,False,-1
DelCOA,2005,0.0465499716995388,-0.0159654629140633,-0.0553059858670287,-0.1419408734018119,-1.0117259514393413,120,False,0.001715051403184,3.333333333333333,False,-1,1.2780078485740705,1.3,-1.0117259514393413,120,False,0.0017150514031840202,5.0,False,-1
DelCOL,2005,-0.0496066526699881,-0.063814074554206,-0.2210584387317462,-0.0373169801186619,-1.2120598409484131,120,False,0.0014036965690856,3.333333333333333,False,-1,1.161758933579868,1.3,-1.2120598409484131,120,False,0.0014036965690856617,5.0,False,-1
DelEqu,2005,0.2236058585606352,0.0351825476392177,0.121875920101675,0.0966331528951816,-0.7377742523011956,120,False,0.0022555520443291,3.333333333333333,False,-1,1.2301200834945043,1.3,-0.7377742523011956,120,False,0.002255552044329106,5.0,False,-1
DelFINL,2005,1.2679265598594378,0.3571033744843814,1.237042376322488,3.823725337413676,3.42172498252505,120,False,0.1444443029932132,3.333333333333333,False,-1,1.4782621355703909,1.3,3.42172498252505,120,False,0.1444443029932132,5.0,False,-1
DelLTI,2005,0.1454871213623647,0.0091894368260246,0.0318331429512383,0.0440479959743045,-0.8758620251965024,120,False,0.0019646359856228,3.333333333333333,False,-1,1.255490948201501,1.3,-0.8758620251965024,120,False,0.0019646359856228843,5.0,False,-1
DelNetFin,2005,0.6386419726942667,0.26586783994495,0.9209932137664872,2.5668144710519942,1.66536399358621,120,False,0.0249414978826316,3.333333333333333,False,-1,1.3605749516583956,1.3,1.6653639935862101,120,False,0.024941497882631645,5.0,False,-1
IO_ShortInterest,2005,0.7858909174132932,0.2313603664113121,0.8014558189642891,1.5208325050392475,1.2478565484791098,120,False,0.016428630135869,3.333333333333333,False,-1,1.08405662406849,1.3,1.2478565484791098,120,False,0.01642863013586907,5.0,False,-1
MS,2005,1.0434780062067908,0.27129810653834,0.9398042090432782,1.8079527957616657,1.8079527957616657,120,False,0.0287639193122476,3.333333333333333,False,-1,1.1067449566456162,1.3,1.8079527957616655,120,False,0.028763919312247657,5.0,False,-1
PriceDelayRsq,2005,0.0539770482112584,-0.0150090254054633,-0.051992789148709,0.0552611609413131,-1.0100400706346986,120,False,0.0017179452140483,3.333333333333333,False,-1,1.1618103876456336,1.3,-1.0100400706346986,120,False,0.00171794521404832,5.0,False,-1
PriceDelaySlope,2005,0.1569830572197539,0.0104473654858381,0.0361907356534264,-0.05401413367634,-0.8815271838418541,120,False,0.0019535374781696,3.333333333333333,False,-1,1.0753790884737655,1.3,-0.8815271838418541,120,False,0.001953537478169651,5.0,False,-1
PriceDelayTstat,2005,0.1501782518286848,0.0094801411731467,0.0328401723496317,-0.0632837289103696,-0.8867489134249402,120,False,0.0019433632204574,3.333333333333333,False,-1,1.0576189766708284,1.3,-0.8867489134249402,120,False,0.0019433632204574548,5.0,False,-1
RIO_Disp,2005,0.37146223932638,0.0948379395843761,0.3285282596905742,0.1138408513828745,-0.299872253699502,120,False,0.0034948719977064,3.333333333333333,False,-1,1.0321189710159675,1.3,-0.299872253699502,120,False,0.0034948719977064085,5.0,False,-1
RIO_MB,2005,0.2294843231661251,0.0639167587176292,0.2214141471081096,0.1784595194141938,-0.5351274761169686,120,False,0.002762238849322,3.333333333333333,False,-1,1.097999500498371,1.3,-0.5351274761169686,120,False,0.00276223884932201,5.0,False,-1
RIO_Turnover,2005,0.26792624774725,0.0804050570062078,0.2785312878404476,0.1517528593572812,-0.4142594630912259,120,False,0.0031171201328468,3.333333333333333,False,-1,1.136022490200135,1.3,-0.41425946309122597,120,False,0.0031171201328468096,5.0,False,-1
RIO_Volatility,2005,0.5952879159938582,0.2090900749532097,0.724309266354688,0.9039001214788052,0.9039001214788052,120,False,0.0116472386456129,3.333333333333333,False,-1,1.156587260094912,1.3,0.9039001214788052,120,False,0.011647238645612904,5.0,False,-1
TotalAccruals,2005,0.0705721861594807,-0.0327998929960483,-0.1136221623039565,0.0473361385764123,-1.089554457337075,120,False,0.0015866336126155,3.333333333333333,False,-1,1.2537225583519966,1.3,-1.089554457337075,120,False,0.0015866336126155267,5.0,False,-1
CompEquIss,2006,0.6047412282446885,0.2686700521361336,0.9307003615439252,3.2146595329388683,1.756335131120674,120,False,0.0273168611322249,3.333333333333333,False,-1,1.1457787590241744,1.3,1.756335131120674,120,False,0.027316861132224944,5.0,False,-1
CoskewACX,2006,0.3986027757568471,0.2467525333163464,0.8547758492004881,3.5733383110629795,1.3382227773623645,120,False,0.0179823690683317,3.333333333333333,False,-1,1.2680513159395057,1.3,1.3382227773623643,120,False,0.017982369068331748,5.0,False,-1
FEPS,2006,0.3483673990845824,0.1164939570870443,0.4035469048990185,1.7755374238089463,-0.1137553000079296,120,False,0.0042097939533616,3.333333333333333,False,-1,1.3029315418230032,1.3,-0.11375530000792966,120,False,0.004209793953361631,5.0,False,-1
FR,2006,-0.4312172830743222,-0.103319712110752,-0.3579099815984238,0.7970343553771078,-1.3443556264034646,120,False,0.0012297530512759,3.333333333333333,False,-1,1.167673481067568,1.3,-1.3443556264034646,120,False,0.0012297530512759,5.0,False,-1
FirmAgeMom,2006,0.4640876830713695,0.2053585023268023,0.7113827195925464,2.5579075637320594,0.880447498281532,120,False,0.0113772585911594,3.333333333333333,False,-1,1.3949467980177297,1.3,0.880447498281532,120,False,0.011377258591159447,5.0,False,-1
Herf,2006,-0.2688330490185773,-0.0732382059154186,-0.2537045874013932,0.0433304365108988,-1.2483197121769145,120,False,0.0013537104342563,3.333333333333333,False,-1,1.2908730490284828,1.3,-1.2483197121769143,120,False,0.0013537104342563999,5.0,False,-1
HerfAsset,2006,-0.6262138568426202,-0.2289161943598268,-0.7929889586130642,-0.1715105473739528,-1.624828356607942,120,False,0.0009289880976079,3.333333333333333,False,-1,1.2821471450234112,1.3,-1.624828356607942,120,False,0.0009289880976079246,5.0,False,-1
HerfBE,2006,-0.412724520051162,-0.1800540679122836,-0.6237255874670649,-0.1172665507381671,-1.5373542952428751,120,False,0.0010139105730964,3.333333333333333,False,-1,1.275547152108598,1.3,-1.5373542952428751,120,False,0.0010139105730964438,5.0,False,-1
IdioVol3F,2006,0.1869493236891486,0.1162687277104725,0.4027666874518598,1.8434746997213367,-0.1126404847349673,120,False,0.0042144897129227,3.333333333333333,False,-1,1.222425439581325,1.3,-0.11264048473496735,120,False,0.004214489712922773,5.0,False,-1
IntanBM,2006,0.0770456383820086,-0.0602406277651903,-0.208679655938308,-0.0710942621515136,-1.2003676766324234,120,False,0.0014202051424283,3.333333333333333,False,-1,1.1533317640769445,1.3,-1.2003676766324234,120,False,0.0014202051424283125,5.0,False,-1
IntanCFP,2006,0.2546468534228914,0.0232903212825739,0.0806800395720415,-0.0995197032224013,-0.80775170915765,120,False,0.0021031101967893,3.333333333333333,False,-1,1.2425063237504108,1.3,-0.80775170915765,120,False,0.002103110196789355,5.0,False,-1
IntanEP,2006,0.2473452675475609,0.0962602646668571,0.3334553383060477,-0.1249355489998811,-0.3028247482035564,120,False,0.0034845686251509,3.333333333333333,False,-1,1.151430323510377,1.3,-0.3028247482035564,120,False,0.0034845686251509605,5.0,False,-1
IntanSP,2006,0.0409548239093379,-0.0439943156888886,-0.1524007800347592,0.1795155242081652,-1.133868922657507,120,False,0.0015178579259159,3.333333333333333,False,-1,1.2465368350318509,1.3,-1.133868922657507,120,False,0.001517857925915975,5.0,False,-1
MomRev,2006,-0.2621983795508044,-0.1179486461625165,-0.4085860956748852,0.1818388029352855,-1.3755664236650929,120,False,0.0011919642548421,3.333333333333333,False,-1,1.227990756980999,1.3,-1.3755664236650929,120,False,0.001191964254842199,5.0,False,-1
NetDebtFinance,2006,1.079468648397612,0.3310161776938907,1.1466736757861329,3.941624135850759,2.850844330622883,120,False,0.0816150217362817,3.333333333333333,False,-1,1.386130781834982,1.3,2.850844330622883,120,False,0.08161502173628174,5.0,False,-1
NetEquityFinance,2006,0.7960763004726717,0.2663573713748086,0.922689000383321,2.193152450502932,1.7661465081193006,120,False,0.0275861962689116,3.333333333333333,False,-1,1.2505458141096244,1.3,1.7661465081193006,120,False,0.02758619626891162,5.0,False,-1
OperProf,2006,0.810602649974904,0.2526064379595222,0.875054369729776,2.1741301979120395,1.5173776584666518,120,False,0.0215106177652543,3.333333333333333,False,-1,1.2835406721330562,1.3,1.5173776584666518,120,False,0.021510617765254345,5.0,False,-1
RDIPO,2006,0.7290369535047018,0.2578182794739423,0.8931087183377205,3.2486229413669543,1.570431521863077,120,False,0.0226826547884384,3.333333333333333,False,-1,1.136089123813013,1.3,1.5704315218630773,120,False,0.02268265478843849,5.0,False,-1
RealizedVol,2006,0.1823864652039979,0.114952017487088,0.3982054694403652,2.2906125205143577,-0.1339667700060163,120,False,0.0041255619231547,3.333333333333333,False,-1,1.2241550327167208,1.3,-0.1339667700060163,120,False,0.004125561923154716,5.0,False,-1
RevenueSurprise,2006,0.7759156696002533,0.3242108454299932,1.1230993132992164,4.220466623044325,2.9445715995507937,120,False,0.0896345280867815,3.333333333333333,False,-1,1.4504772592744766,1.3,2.9445715995507937,120,False,0.08963452808678152,5.0,False,-1
ShareIss5Y,2006,0.7334577050608074,0.2422972057718751,0.8393421418577175,1.7784301815608143,1.3831029143565183,120,False,0.0188078045375379,3.333333333333333,False,-1,1.1788249878208952,1.3,1.3831029143565183,120,False,0.018807804537537953,5.0,False,-1
XFIN,2006,0.7159925991832699,0.2511795193491873,0.8701113786670446,2.580746245086559,1.5592751004628742,120,False,0.0224310039049483,3.333333333333333,False,-1,1.332118994451211,1.3,1.5592751004628742,120,False,0.02243100390494832,5.0,False,-1
betaVIX,2006,0.0758006001617596,0.0216885359443684,0.07513129239486,1.2812248336107168,-0.8159423032887458,120,False,0.0020859548269968,3.333333333333333,False,-1,1.3201752000293214,1.3,-0.8159423032887458,120,False,0.002085954826996802,5.0,False,-1
grcapx,2006,0.2065061273178334,0.0261873953050987,0.0907157983726433,0.020700342693229,-0.7857891024116239,120,False,0.0021498109367949,3.333333333333333,False,-1,1.2669641790943278,1.3,-0.7857891024116239,120,False,0.0021498109367949513,5.0,False,-1
grcapx3y,2006,-0.0980715053007528,-0.0490883255059229,-0.1700469476694756,0.1008644003005527,-1.1544513345059162,120,False,0.0014869360638336,3.333333333333333,False,-1,1.2550817727628183,1.3,-1.1544513345059162,120,False,0.0014869360638336082,5.0,False,-1
zerotrade12M,2006,0.2958472567793785,0.1606581316110216,0.556536093198754,1.9426688226329336,0.3119608278121246,120,False,0.0064438734849496,3.333333333333333,False,-1,1.0944476299219896,1.3,0.31196082781212464,120,False,0.006443873484949619,5.0,False,-1
zerotrade1M,2006,0.3218913500111162,0.1885805820882272,0.6532622989954457,2.370621677346701,0.6281866508647818,120,False,0.0088406080230733,3.333333333333333,False,-1,1.114379138787736,1.3,0.6281866508647818,120,False,0.008840608023073357,5.0,False,-1
zerotrade6M,2006,0.3723199441409223,0.1884044573062904,0.6526521848538728,2.470942582548888,0.6169943060775629,120,False,0.0087422125551048,3.333333333333333,False,-1,1.1034589206090788,1.3,0.6169943060775629,120,False,0.008742212555104885,5.0,False,-1
BPEBM,2007,0.1721658445719451,0.0486236242195124,0.1684371751926644,-0.1022210375624255,-0.6394471393909167,120,False,0.0024886038861007,3.333333333333333,False,-1,1.1917632776733522,1.3,-0.6394471393909167,120,False,0.0024886038861007876,5.0,False,-1
EBM,2007,0.2094517144897697,0.1045293813093792,0.3621003986231706,0.5429283174579371,-0.2317347352883978,120,False,0.0037413042067539,3.333333333333333,False,-1,1.1525053563639502,1.3,-0.23173473528839783,120,False,0.003741304206753954,5.0,False,-1
EarnSupBig,2007,-0.060682004231676,-0.0318932324590138,-0.1104813980732337,0.3082019764476014,-1.078830586726902,120,False,0.0016037400257252,3.333333333333333,False,-1,1.374457732775622,1.3,-1.0788305867269021,120,False,0.0016037400257252214,5.0,False,-1
IndRetBig,2007,0.7984414047509628,0.2582390653058942,0.8945663632178122,2.405999047313056,1.5824152687027149,120,False,0.0229561132368721,3.333333333333333,False,-1,1.5375895415483667,1.3,1.5824152687027149,120,False,0.022956113236872185,5.0,False,-1
Mom6mJunk,2007,-0.033644886135881,0.0485827783448969,0.168295680932437,1.2065274669391253,-0.6271940907975933,120,False,0.0025192844518211,3.333333333333333,False,-1,1.218585269708332,1.3,-0.6271940907975933,120,False,0.0025192844518211435,5.0,False,-1
NetDebtPrice,2007,0.46007717091967,0.1999591516119328,0.6926788200604715,1.7982037532205326,0.7463963969688365,120,False,0.0099499288588335,3.333333333333333,False,-1,1.2842995096388323,1.3,0.7463963969688365,120,False,0.009949928858833501,5.0,False,-1
NetPayoutYield,2007,0.8117804788959379,0.2476243975958679,0.8577960756593596,1.910719202997853,1.4902082377114907,120,False,0.0209340546501398,3.333333333333333,False,-1,1.2304922671466505,1.3,1.4902082377114907,120,False,0.020934054650139852,5.0,False,-1
OrderBacklogChg,2007,0.3763113664307227,0.1011175557440728,0.3502814881718248,0.0352384569241641,-0.2403164714127892,120,False,0.0037093346944523,3.333333333333333,False,-1,1.1557228796777166,1.3,-0.24031647141278922,120,False,0.003709334694452319,5.0,False,-1
PayoutYield,2007,-0.0211764715909173,-0.0242234503059186,-0.083912493328942,0.7066908895017621,-1.0623527002823892,120,False,0.0016303851969179,3.333333333333333,False,-1,1.162722423504097,1.3,-1.0623527002823892,120,False,0.0016303851969179204,5.0,False,-1
AssetGrowth,2008,0.6113667498048194,0.1761338863614771,0.6101456802252827,3.2575192363595034,0.46695784387182,120,False,0.0075242177232056,3.333333333333333,False,-1,1.3304658395873767,1.3,0.46695784387182004,120,False,0.007524217723205626,5.0,False,-1
ChAssetTurnover,2008,0.0038282763927993,-0.0014768999941994,-0.0051161316553032,0.184434405617307,-0.9392980192039316,120,False,0.0018438780418211,3.333333333333333,False,-1,1.170635807842653,1.3,-0.9392980192039315,120,False,0.0018438780418211858,5.0,False,-1
ChNAnalyst,2008,0.0154087978378091,0.0064005028156843,0.0221719921415057,0.3773941840163313,-0.8944187420735357,120,False,0.0019285149721037,3.333333333333333,False,-1,1.323078223465052,1.3,-0.8944187420735357,120,False,0.0019285149721037186,5.0,False,-1
ChNNCOA,2008,-0.0034641207735177,-0.0086041880350872,-0.0298057816692945,0.3613809072832161,-0.9732439846917682,120,False,0.0017823362783205,3.333333333333333,False,-1,1.1495676239458714,1.3,-0.9732439846917682,120,False,0.0017823362783205507,5.0,False,-1
ChNWC,2008,-0.0463398784130912,-0.0210458403030953,-0.0729049293858839,0.6960375786066895,-1.0343029213933923,120,False,0.0016767645658547,3.333333333333333,False,-1,1.2043500049781908,1.3,-1.0343029213933925,120,False,0.001676764565854737,5.0,False,-1
CompositeDebtIssuance,2008,0.8453632397660554,0.2669120159913241,0.92461034569522,2.3436436187572545,1.718823100866936,120,False,0.0263111316207204,3.333333333333333,False,-1,1.2121147995018269,1.3,1.718823100866936,120,False,0.026311131620720442,5.0,False,-1
CustomerMomentum,2008,0.512715454479342,0.1191272391208931,0.4126688614455873,0.5672200274684092,-0.0903780253932007,120,False,0.0043093667989112,3.333333333333333,False,-1,1.225156222569644,1.3,-0.09037802539320072,120,False,0.0043093667989112,5.0,False,-1
InvestPPEInv,2008,0.9821876230903492,0.2670590487920677,0.925119682257754,2.4331012446660436,1.7151899617969748,120,False,0.026215713059863,3.333333333333333,False,-1,1.373984213478075,1.3,1.7151899617969748,120,False,0.026215713059863047,5.0,False,-1
Mom12mOffSeason,2008,0.1704044427235024,0.1011767746211672,0.350486628379614,-0.194954243638973,-0.2206501523627719,120,False,0.0037830056983238,3.333333333333333,False,-1,1.493802434426086,1.3,-0.22065015236277197,120,False,0.0037830056983238014,5.0,False,-1
MomOffSeason,2008,0.0443548639847036,0.011991981301353,0.0415414417947188,2.479584697181499,-0.8781036868425083,120,False,0.0019602368689932,3.333333333333333,False,-1,1.371792895943464,1.3,-0.8781036868425083,120,False,0.00196023686899321,5.0,False,-1
MomOffSeason06YrPlus,2008,0.8536663168175019,0.3170634748703259,1.0983400953994846,5.411816398559029,2.61059647552634,120,False,0.0641847394928418,3.333333333333333,False,-1,1.1750587775832824,1.3,2.61059647552634,120,False,0.06418473949284188,5.0,False,-1
MomOffSeason11YrPlus,2008,0.2328854884392277,0.0674880896483198,0.2337856003533063,0.7401911600579179,-0.5166989311621892,120,False,0.0028136148304411,3.333333333333333,False,-1,1.231733118688842,1.3,-0.5166989311621892,120,False,0.0028136148304411203,5.0,False,-1
MomOffSeason16YrPlus,2008,0.4020769163061472,0.1568725531466607,0.5434224647261305,0.7637592386103955,0.2384508095302551,120,False,0.0059871757922591,3.333333333333333,False,-1,1.181865877941127,1.3,0.2384508095302551,120,False,0.005987175792259109,5.0,False,-1
MomSeason,2008,0.0732645139876248,0.0347606661920444,0.1204144798991255,0.7268082867141115,-0.7373946676839451,120,False,0.0022564083797041,3.333333333333333,False,-1,1.2490564640113302,1.3,-0.7373946676839451,120,False,0.0022564083797041268,5.0,False,-1
MomSeason06YrPlus,2008,0.2521011346106238,0.0646375516106445,0.2239110469329836,1.2953490413009796,-0.5386280165522308,120,False,0.0027525864247459,3.333333333333333,False,-1,1.2241179256117536,1.3,-0.5386280165522308,120,False,0.002752586424745928,5.0,False,-1
MomSeason11YrPlus,2008,0.2887717717727954,0.077358318422867,0.2679770757929943,0.2471763348457081,-0.4399811141314784,120,False,0.0030379650206847,3.333333333333333,False,-1,1.2375411260963851,1.3,-0.43998111413147845,120,False,0.0030379650206847635,5.0,False,-1
MomSeason16YrPlus,2008,0.6395390564357989,0.2258286882913798,0.7822935238546094,1.7122343024243545,1.112309081794161,120,False,0.0143460993951713,3.333333333333333,False,-1,1.2578742798117195,1.3,1.112309081794161,120,False,0.01434609939517134,5.0,False,-1
MomSeasonShort,2008,0.1120060037288462,0.059508689620182,0.2061441478280039,0.3250491305072753,-0.5709120416441451,120,False,0.002665140995683,3.333333333333333,False,-1,1.3759819180178674,1.3,-0.5709120416441451,120,False,0.0026651409956830363,5.0,False,-1
ShareIss1Y,2008,0.6143225364880314,0.1828549544790874,0.6334281431469474,0.5989094853046621,0.5989094853046621,120,False,0.0085855322458512,3.333333333333333,False,-1,1.2054625864084336,1.3,0.5989094853046621,120,False,0.008585532245851202,5.0,False,-1
CPVolSpread,2009,0.9168673078173798,0.2422308743507353,0.8391123630746128,2.7391376396311022,1.3548422795665152,120,False,0.0182837243416541,3.333333333333333,False,-1,1.4629040971639915,1.3,1.3548422795665152,120,False,0.01828372434165418,5.0,False,-1
CashProd,2009,-0.1017604359836067,-0.0203217389681781,-0.0703965687820738,0.3578794929857816,-1.0332479091727431,120,False,0.0016785345064531,3.333333333333333,False,-1,1.3176147938274896,1.3,-1.0332479091727431,120,False,0.001678534506453177,5.0,False,-1
EarningsConsistency,2009,0.5813777027995397,0.1999281787577033,0.6925715269461099,0.9115578569093143,0.7760085349816128,120,False,0.0102489733469189,3.333333333333333,False,-1,1.1931041593651557,1.3,0.7760085349816128,120,False,0.010248973346918907,5.0,False,-1
Frontier,2009,0.0675850906073372,0.0264477819170547,0.0916178040556803,0.7316366281678448,-0.7830904645938335,120,False,0.0021556203330927,3.333333333333333,False,-1,1.311582451991605,1.3,-0.7830904645938335,120,False,0.0021556203330927123,5.0,False,-1
RIVolSpread,2009,0.171312883737826,0.0284662102479495,0.0986098448967729,0.0969160790461811,-0.769233612850786,120,False,0.0021856983565407,3.333333333333333,False,-1,1.812436285477804,1.346267538596175,-0.769233612850786,120,False,0.002185698356540732,5.0,False,-1
sinAlgo,2009,0.2834419846610533,0.0712954965107739,0.24697484461502,-0.0440051245688191,-0.4856962178536925,120,False,0.0029022107857026,3.333333333333333,False,-1,1.2345513053174566,1.3,-0.48569621785369255,120,False,0.0029022107857026532,5.0,False,-1
tang,2009,-0.1065154222693565,-0.0198493506279642,-0.0687601675697666,0.1646074234158159,-1.0309670817428234,120,False,0.0016823673233329,3.333333333333333,False,-1,1.3886160139610335,1.3,-1.0309670817428234,120,False,0.0016823673233329172,5.0,False,-1
ChEQ,2010,0.2518296198921325,0.0662712697818743,0.2295704126886206,0.771967622824915,-0.5250144925712046,120,False,0.0027903150531636,3.333333333333333,False,-1,1.3010032283935815,1.3,-0.5250144925712046,120,False,0.0027903150531636734,5.0,False,-1
iomom_cust,2010,0.2392682862210648,0.0840274225963556,0.2910795303318984,1.0055155424148354,-0.3865789552990397,120,False,0.003204608881303,3.333333333333333,False,-1,1.327591503856715,1.3,-0.38657895529903974,120,False,0.0032046088813030517,5.0,False,-1
iomom_supp,2010,0.0582417405308459,0.037931548367784,0.1313987379655165,0.6390649728954672,-0.7077625707825161,120,False,0.0023242709815033,3.333333333333333,False,-1,1.3932867773580235,1.3,-0.7077625707825161,120,False,0.002324270981503356,5.0,False,-1
realestate,2010,0.5800118056678987,0.2027362150969294,0.7022988501641885,1.361569856873028,0.7931774095398072,120,False,0.0104264559129247,3.333333333333333,False,-1,1.221146916157135,1.3,0.7931774095398072,120,False,0.010426455912924782,5.0,False,-1
roaq,2010,0.3993909396318815,0.1261413591626358,0.4369664860109584,0.9618007495857904,-0.0226903137231671,120,False,0.0046111564878333,3.333333333333333,False,-1,1.3858268685663335,1.3,-0.0226903137231671,120,False,0.004611156487833353,5.0,False,-1
skew1,2010,0.8146525023741245,0.2227201958419017,0.7715253901397289,1.1778215387666804,1.081541459843175,120,False,0.0139114252668255,3.333333333333333,False,-1,1.6011309038342398,1.3,1.081541459843175,120,False,0.01391142526682556,5.0,False,-1
ChTax,2011,0.5732041964885392,0.1860246349782395,0.6444082384835308,2.4748425507509477,0.6613172970980572,120,False,0.009138409010198,3.333333333333333,False,-1,1.3914353305308111,1.3,0.6613172970980572,120,False,0.009138409010198004,5.0,False,-1
EarningsForecastDisparity,2011,0.1428765541752677,0.0623613349074528,0.2160260009750539,1.3982379723187974,-0.5381601769465469,120,False,0.0027538744949751,3.333333333333333,False,-1,1.4359242701521255,1.3,-0.5381601769465469,120,False,0.0027538744949751315,5.0,False,-1
EntMult,2011,0.2461562280419509,0.0716047968425606,0.248046292393925,1.0739944269426198,-0.4800108686965865,120,False,0.0029187578607252,3.333333333333333,False,-1,1.2691976601646486,1.3,-0.4800108686965865,120,False,0.0029187578607252377,5.0,False,-1
MaxRet,2011,-0.0031626088390189,0.0309779375714975,0.1073107235750611,0.1312720511030192,-0.7547657308595535,120,False,0.0022175506443954,3.333333333333333,False,-1,1.3043473252774929,1.3,-0.7547657308595535,120,False,0.0022175506443954116,5.0,False,-1
OPLeverage,2011,0.2852130203725737,0.0942438387886719,0.3264702341646205,0.2910106871662947,-0.328424020483153,120,False,0.0033964982819751,3.333333333333333,False,-1,1.2050026919727168,1.3,-0.328424020483153,120,False,0.0033964982819751693,5.0,False,-1
PctAcc,2011,0.200711684531804,0.0231599758308109,0.0802285096820634,0.1484999621972331,-0.800965602696428,120,False,0.0021174306616277,3.333333333333333,False,-1,1.1247641363922254,1.3,-0.800965602696428,120,False,0.00211743066162771,5.0,False,-1
PctTotAcc,2011,0.8858477444373328,0.2725570890022516,0.9441654522299444,2.345144817849929,1.749603149988225,120,False,0.0271335821460002,3.333333333333333,False,-1,1.2221001504501992,1.3,1.749603149988225,120,False,0.02713358214600024,5.0,False,-1
RDS,2011,-0.0025261715161037,-0.0216180625204258,-0.0748871652931559,0.669295007804128,-1.0431456516658446,120,False,0.001662002752625,3.333333333333333,False,-1,1.0697907331547467,1.3,-1.0431456516658446,120,False,0.0016620027526250006,5.0,False,-1
RDcap,2011,0.0774508841217526,0.0578470194002689,0.2003879533353766,0.1608224291752176,-0.5874015053866475,120,False,0.002621554595647,3.333333333333333,False,-1,1.290956918460553,1.3,-0.5874015053866475,120,False,0.0026215545956470693,5.0,False,-1
Recomm_ShortInterest,2011,0.2525784305709407,0.0754790862765374,0.2614672246796754,0.2623208180230802,-0.4464760810490209,120,False,0.0030182974775387,3.333333333333333,False,-1,1.2784623676286078,1.3,-0.4464760810490209,120,False,0.0030182974775387035,5.0,False,-1
ResidualMomentum,2011,0.1957363110531496,0.0596745314437832,0.2067186407569982,0.1919132436262955,-0.5678362597198723,120,False,0.0026733510078141,3.333333333333333,False,-1,1.3856015234938754,1.3,-0.5678362597198723,120,False,0.0026733510078141296,5.0,False,-1
SmileSlope,2011,1.4201895519644347,0.5204172832716724,1.8027783515270024,7.806267721722467,7.558039540572043,120,False,9.038138778750564,3.333333333333333,True,180,1.958527804495348,1.3994741171223382,6.537540339892436,120,False,3.2574805697335463,5.0,False,-1
Cash,2012,-0.147300497848713,0.0175402695311832,0.0607612760129233,0.770152934462659,-0.8353456007664046,120,False,0.0020458705659795,3.333333333333333,False,-1,1.241113147054224,1.3,-0.8353456007664046,120,False,0.0020458705659795267,5.0,False,-1
EarningsStreak,2012,1.223653562222202,0.3953057329189628,1.3693792278777928,4.591031405484112,4.3126721938420545,120,False,0.3520739357028476,3.333333333333333,False,-1,1.5322987287994805,1.3,4.3126721938420545,120,False,0.3520739357028476,5.0,False,-1
IntMom,2012,0.1513473779584834,0.0665650529496938,0.2305881074347647,0.6082306704928071,-0.5235624662315999,120,False,0.0027943696070638,3.333333333333333,False,-1,1.271527727554712,1.3,-0.5235624662315999,120,False,0.002794369607063814,5.0,False,-1
InvGrowth,2012,0.6802144488156353,0.1940148040853785,0.6720869961927947,0.796930688322979,0.7124750689657253,120,False,0.0096180743514705,3.333333333333333,False,-1,1.2698542878784371,1.3,0.7124750689657253,120,False,0.00961807435147059,5.0,False,-1
NumEarnIncrease,2012,0.7073525116045867,0.2442858421717598,0.8462309804224799,2.7064383426703658,1.3647632107505872,120,False,0.0184660186822514,3.333333333333333,False,-1,1.4703139226901625,1.3,1.3647632107505872,120,False,0.0184660186822514,5.0,False,-1
OptionVolume1,2012,0.1971590817555461,0.0163863161971619,0.0567638644047467,0.5909528153769148,-0.8346908953645749,120,False,0.0020472104470563,3.333333333333333,False,-1,1.400209293934352,1.3,-0.8346908953645749,120,False,0.002047210447056347,5.0,False,-1
OptionVolume2,2012,-0.4728107851254872,-0.1208121202168674,-0.418505460771467,-0.0836119001748039,-1.3937065054762634,120,False,0.0011705368606613,3.333333333333333,False,-1,1.788812599472522,1.3374649899988118,-1.3937065054762634,120,False,0.0011705368606613152,5.0,False,-1
retConglomerate,2012,0.4035724560546993,0.1405212822203239,0.4867800007006524,0.6842500695321592,0.0994880374187889,120,False,0.0052104021543906,3.333333333333333,False,-1,1.372475841722817,1.3,0.09948803741878898,120,False,0.0052104021543906915,5.0,False,-1
CitationsRD,2013,0.1771580073824235,0.0600545042118256,0.2080349050364821,0.5665992388365091,-0.5701036610935242,120,False,0.0026672963148702,3.333333333333333,False,-1,1.1068044532518402,1.3,-0.5701036610935242,120,False,0.002667296314870293,5.0,False,-1
DelDRC,2013,0.3709400825214813,0.1335189033415816,0.4625230487169948,1.4047019339129316,0.0507480764653387,120,False,0.0049625368951443,3.333333333333333,False,-1,0.781807566532121,1.3,0.05074807646533874,120,False,0.004962536895144345,5.0,False,-1
DivSeason,2013,0.60243277569738,0.1617425392755399,0.5602925915408797,0.4177572303863845,0.3432243953381635,120,False,0.0066485141901325,3.333333333333333,False,-1,1.5132337519936867,1.3,0.3432243953381635,120,False,0.006648514190132512,5.0,False,-1
GP,2013,0.7432236012493288,0.2624745047995948,0.9092383560087588,2.38036630236511,1.6954513068064776,120,False,0.0257033237187422,3.333333333333333,False,-1,1.1485239634360902,1.3,1.6954513068064776,120,False,0.025703323718742222,5.0,False,-1
OrgCap,2013,0.2298881450559564,0.1009570785403663,0.3497255788312721,1.0471166484599497,-0.244764419681629,120,False,0.0036928724044678,3.333333333333333,False,-1,1.1491109026970296,1.3,-0.244764419681629,120,False,0.0036928724044678557,5.0,False,-1
RDAbility,2013,0.4125152942310371,0.1236069146534273,0.4281869126931321,0.1169462682051043,-0.0624984574212525,120,False,0.0044312005279868,3.333333333333333,False,-1,1.0586107669512257,1.3,-0.062498457421252596,120,False,0.004431200527986883,5.0,False,-1
BetaFP,2014,-0.0688848709307374,-0.0507517711876638,-0.175809292542288,0.1185742073155704,-1.1629357713498498,120,False,0.0014743736167132,3.333333333333333,False,-1,1.2041607593847,1.3,-1.1629357713498498,120,False,0.001474373616713233,5.0,False,-1
BetaTailRisk,2014,0.2557636265450806,0.036015112484262,0.1247600093261001,0.0135777692004228,-0.7190976953807111,120,False,0.0022980738347836,3.333333333333333,False,-1,1.126006790423122,1.3,-0.7190976953807111,120,False,0.0022980738347836796,5.0,False,-1
BrandInvest,2014,-0.2882679305972633,-0.0754010894969313,-0.2611970359094664,-0.0397835369610761,-1.2582367043528886,120,False,0.0013403520454692,3.333333333333333,False,-1,1.1292423283734865,1.3,-1.2582367043528886,120,False,0.0013403520454692,5.0,False,-1
GrAdExp,2014,0.1654524718688358,0.0256922358423292,0.0890005156779129,0.6726557497871701,-0.7843596700520123,120,False,0.0021528861434914,3.333333333333333,False,-1,1.0206560456293547,1.3,-0.7843596700520123,120,False,0.0021528861434914107,5.0,False,-1
hire,2014,0.2586716821264976,0.05621674584388,0.1947405200755735,-0.0795033335030919,-0.5941978830962655,120,False,0.0026037979292838,3.333333333333333,False,-1,1.2513858009626615,1.3,-0.5941978830962655,120,False,0.002603797929283826,5.0,False,-1
